wl (nm),eff
499.7049561,0.01019475
499.9278259,0.010306291
500.1506653,0.013822589
500.3735657,0.004410591
500.5964355,-0.008011659
500.8193359,0.020093902
501.0422668,0.016441148
501.2651978,0.015651749
501.4881287,0.010637458
501.7110901,0.015909806
501.9340515,0.003690552
502.1570129,0.003645405
502.3800049,-0.00391285
502.6030273,0.022100806
502.8260193,-0.005667908
503.0490417,0.006283978
503.2720947,-0.007023001
503.4951477,-0.003158522
503.7182007,0.01082058
503.9412842,0.002330058
504.1643677,0.006028387
504.3874817,-0.011212312
504.6105957,-0.007650082
504.8337097,0.010594194
505.0568542,0.005769555
505.2799988,0.001177801
505.5031433,0.009247781
505.7263184,0.012424246
505.9495239,-5.08565E-05
506.172699,0.02499103
506.3959045,0.022859883
506.6191406,0.011989332
506.8423767,0.006731268
507.0656128,0.016746903
507.2888794,0.021517371
507.512146,0.004948985
507.7354431,0.020385299
507.9587402,0.027928431
508.1820374,0.028592607
508.405365,0.042470745
508.6286926,0.014748599
508.8520508,0.007222325
509.0754089,0.028154704
509.2987671,0.013318738
509.5221558,0.034030996
509.7455444,0.029079765
509.9689331,0.006249015
510.1923523,0.015497272
510.415802,0.020298497
510.6392212,0.026490838
510.8626709,0.013564059
511.0861511,0.021727327
511.3096313,0.017950667
511.5331116,0.02054526
511.7566223,0.036383069
511.9801331,0.016924098
512.2036743,0.01250709
512.4271851,0.016031876
512.6507568,0.018619186
512.8743286,0.011111039
513.0979004,0.019443647
513.3214722,0.046275201
513.545105,0.013862402
513.7686768,0.023889298
513.9923096,0.047136067
514.2159424,0.034606131
514.4395752,0.042609696
514.663269,0.025852822
514.8869629,0.03000522
515.1105957,0.030659315
515.3342896,0.014127699
515.5580444,0.029009216
515.7817383,0.031564297
516.0054932,0.013243928
516.229248,0.02696837
516.4530029,0.024630638
516.6767578,0.037261859
516.9005127,0.041628119
517.1243286,0.022148831
517.3481445,0.047718058
517.5719604,0.030433519
517.7957764,0.03780598
518.0195923,0.039179314
518.2434692,0.034501457
518.4673462,0.040915542
518.6912231,0.03403023
518.9151001,0.020467939
519.1389771,0.021705953
519.362915,0.047090384
519.586853,0.031780213
519.810791,0.032084926
520.034729,0.017403845
520.258667,0.023414929
520.482666,0.025505233
520.706665,0.026269435
520.9306641,0.014230217
521.1546631,0.033477826
521.3786621,0.027785834
521.6027222,0.019689613
521.8267212,0.018469433
522.0507813,0.029412471
522.2748413,0.015762884
522.4989624,0.012064978
522.7230225,0.003642396
522.9471436,0.009004234
523.1712646,0.012273197
523.3953857,0.009010619
523.6195068,-0.002886774
523.843689,0.022413931
524.0678711,0.003327642
524.2920532,0.011685692
524.5162354,0.018018739
524.7404175,0.010349138
524.9645996,0.01511138
525.1888428,0.03157155
525.4130859,0.016537447
525.6373291,0.025139119
525.8615723,0.025622373
526.0858765,0.024975569
526.3101196,0.028632561
526.5344238,0.04341573
526.758728,0.038053222
526.9830933,0.030102702
527.2073975,0.036348273
527.4317627,0.054716661
527.6560669,0.046842598
527.8804321,0.060623034
528.1048584,0.057233398
528.3292236,0.061466019
528.5536499,0.052565497
528.7780151,0.055993991
529.0024414,0.066509232
529.2269287,0.070049548
529.451355,0.06837094
529.6757813,0.08765534
529.9002686,0.094291246
530.1247559,0.088340698
530.3492432,0.077809807
530.5737915,0.094063613
530.7982788,0.08457353
531.0228271,0.086521261
531.2473755,0.108155018
531.4719238,0.086865646
531.6964722,0.10451902
531.9210815,0.107719454
532.1456299,0.116227073
532.3702393,0.128270351
532.5948486,0.118104182
532.819519,0.137464694
533.0441284,0.148284023
533.2687988,0.146195478
533.4934692,0.155445441
533.7181396,0.149227573
533.9428101,0.150593807
534.1674805,0.172178494
534.3922119,0.1793321
534.6169434,0.186198035
534.8416748,0.182547295
535.0664063,0.185090239
535.2911377,0.197975296
535.5159302,0.178926203
535.7407227,0.191491838
535.9655151,0.200852484
536.1903076,0.199444874
536.4151001,0.227633551
536.6399536,0.210286687
536.8647461,0.229063079
537.0895996,0.219127347
537.3144531,0.229862428
537.5393677,0.226918537
537.7642212,0.235367264
537.9891357,0.226964103
538.2140503,0.220300301
538.4389648,0.220547132
538.6638794,0.225369526
538.8887939,0.218683475
539.1137695,0.202678593
539.3387451,0.208084254
539.5637207,0.205150636
539.7886963,0.204668264
540.0136719,0.266152682
540.2387085,0.196284107
540.4637451,0.192050245
540.6887817,0.204228691
540.9138184,0.19898826
541.138855,0.178584981
541.3639526,0.17311873
541.5890503,0.173377099
541.8140869,0.162170964
542.0392456,0.163308658
542.2643433,0.157392141
542.4894409,0.154069925
542.7145996,0.157280872
542.9397583,0.148110333
543.164917,0.161015928
543.3900757,0.15508303
543.6152954,0.163035573
543.8404541,0.174667227
544.0656738,0.199569279
544.2908936,0.194029752
544.5161133,0.210224182
544.741394,0.20803313
544.9666138,0.23317749
545.1918945,0.245906225
545.4171753,0.25958249
545.6424561,0.26865941
545.8677368,0.307222129
546.0930786,0.30802327
546.3183594,0.335437694
546.5437012,0.358225218
546.769043,0.372654612
546.9944458,0.402549052
547.2197876,0.417538871
547.4451904,0.423101597
547.6705933,0.436127042
547.8959961,0.457016143
548.1213989,0.482772093
548.3468018,0.476615195
548.5722656,0.498887908
548.7977295,0.498092849
549.0231323,0.515933085
549.2486572,0.517826902
549.4741211,0.547911969
549.699585,0.571596574
549.9251099,0.555975058
550.1506348,0.569948679
550.3761597,0.56323342
550.6016846,0.576686611
550.8272705,0.612920742
551.0527954,0.590193014
551.2783813,0.591257789
551.5039673,0.585115235
551.7296143,0.600436994
551.9552002,0.612640307
552.1807861,0.597342777
552.4064331,0.595329028
552.6320801,0.598261008
552.8577271,0.60836775
553.0834351,0.611819201
553.309082,0.603062708
553.53479,0.628086931
553.760498,0.603800366
553.9862061,0.618832241
554.2119141,0.630467587
554.4376221,0.637802294
554.6633911,0.625051302
554.8891602,0.626082615
555.1149292,0.631295047
555.3406982,0.6355283
555.5664673,0.619814622
555.7922974,0.612654981
556.0181274,0.625200781
556.2439575,0.655572665
556.4697876,0.599679963
556.6956177,0.603868273
556.9215088,0.600685126
557.1473389,0.597056159
557.37323,0.591716792
557.5991211,0.592977282
557.8250122,0.577617901
558.0509644,0.601566986
558.2768555,0.575330911
558.5028076,0.548957479
558.7287598,0.556357566
558.9547119,0.560819266
559.1807251,0.535597757
559.4066772,0.545781418
559.6326904,0.546186
559.8587036,0.545031385
560.0847168,0.527888274
560.31073,0.529996572
560.5367432,0.520780215
560.7628174,0.521371072
560.9888916,0.510360695
561.2149658,0.501154785
561.44104,0.494056073
561.6671143,0.486644783
561.8932495,0.474075178
562.1193848,0.480512158
562.345459,0.46834825
562.5716553,0.467846474
562.7977905,0.455873612
563.0239258,0.45605922
563.2501221,0.452664836
563.4763184,0.435802861
563.7025146,0.433686192
563.9287109,0.432013343
564.1549072,0.425909776
564.3811646,0.430285451
564.6074219,0.416119186
564.8336792,0.408882166
565.0599365,0.414857288
565.2861938,0.408252601
565.5124512,0.406960278
565.7387695,0.409968946
565.9650879,0.417178964
566.1914063,0.42369468
566.4177246,0.424822907
566.644043,0.419748407
566.8704224,0.446015947
567.0968018,0.441659482
567.3231812,0.447739629
567.5495605,0.450085221
567.7759399,0.459713269
568.0023804,0.472611772
568.2287598,0.467252814
568.4552002,0.48988185
568.6816406,0.486368442
568.9080811,0.481275832
569.1345825,0.489271575
569.3610229,0.494067672
569.5875244,0.486915173
569.8140259,0.492652519
570.0405273,0.484585964
570.2670288,0.498341524
570.4935913,0.488122983
570.7200928,0.486582232
570.9466553,0.482029925
571.1732178,0.489147204
571.3998413,0.483682947
571.6264038,0.500047661
571.8529663,0.483161234
572.0795898,0.479269572
572.3062134,0.485812929
572.5328369,0.49960722
572.7594604,0.485303974
572.986145,0.487112856
573.2128296,0.496677657
573.4394531,0.49236753
573.6661377,0.503913903
573.8928833,0.511973551
574.1195679,0.51672925
574.3463135,0.510323614
574.572998,0.510175681
574.7997437,0.52082789
575.0264893,0.526785417
575.2532349,0.524131473
575.4800415,0.519625581
575.7068481,0.520924892
575.9335938,0.5105547
576.1604004,0.499232535
576.387207,0.49123933
576.6140747,0.50000648
576.8408813,0.50001158
577.067749,0.498094161
577.2946167,0.503158613
577.5214844,0.502879683
577.7483521,0.506295137
577.9752808,0.520533638
578.2021484,0.509687975
578.4290771,0.521645362
578.6560059,0.518536916
578.8829346,0.529083227
579.1098633,0.531682272
579.336853,0.52514649
579.5638428,0.513875953
579.7907715,0.508242222
580.0177612,0.516690117
580.244812,0.511346546
580.4718018,0.49927904
580.6988525,0.486826001
580.9258423,0.48394837
581.1528931,0.487296571
581.3799438,0.486368772
581.6070557,0.4802388
581.8341064,0.484178254
582.0612183,0.483641647
582.288269,0.489308622
582.5153809,0.471280581
582.7425537,0.469673848
582.9696655,0.471781556
583.1967773,0.465198966
583.4239502,0.471093071
583.651123,0.460832089
583.8782959,0.464598008
584.1054688,0.466717748
584.3327026,0.459491205
584.5598755,0.458175733
584.7871094,0.461287669
585.0143433,0.461919807
585.2415771,0.466085086
585.468811,0.456131811
585.696106,0.447344232
585.9233398,0.45537438
586.1506348,0.4508563
586.3779297,0.455820796
586.6052246,0.4646445
586.8325806,0.466336826
587.0598755,0.465768411
587.2872314,0.484397572
587.5145874,0.4648607
587.7419434,0.469002528
587.9692993,0.481756003
588.1966553,0.470024992
588.4240723,0.462508368
588.6514893,0.475820827
588.8789063,0.467402717
589.1063232,0.477070343
589.3337402,0.470714738
589.5612183,0.479681827
589.7886353,0.4763762
590.0161133,0.484676697
590.2435913,0.475548661
590.4710693,0.477156293
590.6985474,0.47343527
590.9260864,0.459023077
591.1536255,0.467962229
591.3811035,0.454494422
591.6087036,0.450913576
591.8362427,0.44588437
592.0637817,0.451356674
592.2913818,0.438773141
592.5189209,0.451892302
592.746521,0.432682302
592.9741211,0.445897499
593.2017822,0.443927396
593.4293823,0.439175959
593.6570435,0.445057706
593.8846436,0.449254483
594.1123047,0.455659763
594.3400269,0.44882091
594.567688,0.44727493
594.7953491,0.457593246
595.0230713,0.466585465
595.2507935,0.458398751
595.4785156,0.455828683
595.7062378,0.473785841
595.93396,0.45234717
596.1617432,0.45742928
596.3894653,0.444701277
596.6172485,0.441257861
596.8450317,0.44440541
597.072876,0.448353223
597.3006592,0.45004789
597.5284424,0.447500937
597.7562866,0.459697386
597.9841309,0.464834564
598.2119751,0.443207412
598.4398193,0.476031152
598.6677246,0.45243855
598.8955688,0.449280191
599.1234741,0.468627002
599.3513794,0.455649687
599.5792847,0.45458995
599.807251,0.454977919
600.0351563,0.461472155
600.2631226,0.456611431
600.4910278,0.463552745
600.7189941,0.458748403
600.9470215,0.464036939
601.1749878,0.459518661
601.4029541,0.460134155
601.6309814,0.458541984
601.8590088,0.459397972
602.0870361,0.452305872
602.3150635,0.457212446
602.5430908,0.4474619
602.7711792,0.451449356
602.9992676,0.454216796
603.2272949,0.46099305
603.4553833,0.44395833
603.6835327,0.451616528
603.9116211,0.443395009
604.1397705,0.443744269
604.3678589,0.448598351
604.5960083,0.43902633
604.8241577,0.43141299
605.0523071,0.431587399
605.2805176,0.423306445
605.508667,0.420434026
605.7368774,0.423637925
605.9650879,0.432036385
606.1932983,0.425874786
606.4215088,0.427309287
606.6497803,0.419557066
606.8779907,0.426718213
607.1062622,0.42845925
607.3345337,0.418223846
607.5628052,0.434079935
607.7911377,0.420157208
608.0194092,0.421365657
608.2477417,0.421723916
608.4760132,0.429911551
608.7043457,0.425862588
608.9326782,0.429623838
609.1610718,0.43149316
609.3894043,0.430279995
609.6177979,0.430589323
609.8461914,0.430517814
610.074585,0.427029694
610.3029785,0.415419741
610.5313721,0.423991494
610.7598267,0.426897918
610.9882202,0.430741396
611.2166748,0.422135617
611.4451294,0.420135359
611.673584,0.42614933
611.9020996,0.436163738
612.1305542,0.42787893
612.3590698,0.438657316
612.5875854,0.433868034
612.8161011,0.435924914
613.0446167,0.445485048
613.2731323,0.447889536
613.501709,0.444884084
613.7302246,0.441971204
613.9588013,0.438677809
614.1873779,0.434054248
614.4159546,0.431295321
614.6445923,0.427861064
614.8731689,0.429051768
615.1018066,0.443685302
615.3304443,0.447641359
615.559082,0.447225321
615.7877197,0.448567056
616.0163574,0.460011575
616.2450562,0.461312023
616.4736938,0.469497805
616.7023926,0.472924711
616.9310913,0.47383717
617.15979,0.47367412
617.3885498,0.473376959
617.6172485,0.492478535
617.8460083,0.490096155
618.0747681,0.485793348
618.3035278,0.485756853
618.5322876,0.501777315
618.7610474,0.499159347
618.9898682,0.483524583
619.218689,0.48527568
619.4475098,0.478145399
619.6763306,0.476198223
619.9051514,0.481930831
620.1339722,0.468720733
620.362854,0.470281146
620.5916748,0.481547577
620.8205566,0.491159902
621.0494385,0.494877397
621.2783203,0.49942651
621.5072632,0.508910407
621.736145,0.504690576
621.9650879,0.509057523
622.1940308,0.518524954
622.4229736,0.507362857
622.6519165,0.509538109
622.8808594,0.514971463
623.1098633,0.523086093
623.3388672,0.513884707
623.5678101,0.520664132
623.796814,0.509280714
624.0258789,0.510601761
624.2548828,0.507814042
624.4839478,0.514206884
624.7129517,0.508109672
624.9420166,0.519667467
625.1710815,0.504948802
625.4001465,0.514547996
625.6292725,0.506638578
625.8583374,0.50982319
626.0874634,0.507630216
626.3165894,0.506825633
626.5457153,0.508109844
626.7748413,0.513781296
627.0039673,0.515605734
627.2330933,0.504988915
627.4622803,0.509510088
627.6914673,0.501521847
627.9206543,0.512014474
628.1498413,0.49961956
628.3790283,0.503635975
628.6082764,0.502004171
628.8374634,0.50418678
629.0667114,0.502836448
629.2959595,0.498933101
629.5252075,0.49298829
629.7545166,0.496980971
629.9837646,0.498944237
630.2130737,0.50746933
630.4423218,0.519913626
630.6716309,0.518598569
630.901001,0.524841431
631.1303101,0.532653587
631.3596191,0.538134641
631.5889893,0.541817906
631.8183594,0.539409244
632.0477295,0.550360431
632.2770996,0.561472721
632.5064697,0.547404126
632.7358398,0.543542908
632.965271,0.549289649
633.1947021,0.547546524
633.4240723,0.551932305
633.6535645,0.55100653
633.8829956,0.554551545
634.1124268,0.552969561
634.3419189,0.558778336
634.5713501,0.553287293
634.8008423,0.551660826
635.0303345,0.562281216
635.2598267,0.563105448
635.4893799,0.569831923
635.7188721,0.569745808
635.9484253,0.593118626
636.1779785,0.599152268
636.4075317,0.603386761
636.637085,0.593253081
636.8666382,0.602787542
637.0962524,0.604796373
637.3258057,0.638586455
637.5554199,0.611917246
637.7850342,0.615860972
638.0146484,0.61335157
638.2443237,0.616447781
638.473938,0.617291377
638.7036133,0.616372687
638.9332886,0.614876505
639.1629028,0.619154643
639.3926392,0.625135827
639.6223145,0.635107721
639.8519897,0.612733011
640.0817261,0.612260947
640.3114624,0.641492762
640.5411377,0.620965042
640.7709351,0.623355969
641.0006714,0.615798333
641.2304077,0.613889207
641.4602051,0.62282224
641.6899414,0.610543246
641.9197388,0.617480544
642.1495361,0.6330931
642.3793335,0.624213883
642.6091919,0.627763758
642.8389893,0.621226097
643.0688477,0.627290901
643.2987061,0.630857173
643.5285645,0.630196712
643.7584229,0.640749607
643.9882813,0.638569475
644.2182007,0.637720253
644.4480591,0.623097905
644.6779785,0.618329217
644.9078979,0.605954965
645.1378174,0.591245786
645.3677368,0.598858052
645.5977173,0.58721371
645.8276367,0.590149385
646.0576172,0.589234581
646.2875977,0.581391087
646.5175781,0.587125788
646.7475586,0.602659283
646.9776001,0.608103973
647.2075806,0.609372278
647.4376221,0.615873375
647.6676636,0.619369572
647.8977051,0.622779335
648.1277466,0.655155447
648.3577881,0.622424372
648.5878296,0.636532282
648.8179321,0.63510195
649.0480347,0.638218143
649.2781372,0.629913484
649.5082397,0.633994198
649.7383423,0.631165451
649.9685059,0.649732108
650.1986084,0.655938051
650.428772,0.650893078
650.6589355,0.656185098
650.8890991,0.65203835
651.1192627,0.638031102
651.3494263,0.643826781
651.5796509,0.653525212
651.8098755,0.659707484
652.0400391,0.66338242
652.2702637,0.665622685
652.5005493,0.667537189
652.7307739,0.659302222
652.9609985,0.668204818
653.1912842,0.666244951
653.4215698,0.657755516
653.6518555,0.658610039
653.8821411,0.661733854
654.1124268,0.659615652
654.3427124,0.668269512
654.5730591,0.661994112
654.8034058,0.659956617
655.0337524,0.667152464
655.2640991,0.661935793
655.4944458,0.663154621
655.7247925,0.656946219
655.9552002,0.643005501
656.1855469,0.671235057
656.4159546,0.657508366
656.6463623,0.665895374
656.87677,0.669932097
657.1071777,0.66725757
657.3376465,0.673972218
657.5680542,0.679831718
657.7985229,0.694510539
658.0289917,0.694303655
658.2594604,0.70602841
658.4899292,0.704729
658.720459,0.705986951
658.9509277,0.712220121
659.1814575,0.693972033
659.4119873,0.699000061
659.6425171,0.703222118
659.8730469,0.705854385
660.1035767,0.709574318
660.3341064,0.701864525
660.5646973,0.708615825
660.7952881,0.716723068
661.0258789,0.726404418
661.2564697,0.728762545
661.4870605,0.74187965
661.7176514,0.752225586
661.9483032,0.754865336
662.178894,0.763875901
662.4095459,0.767829379
662.6401978,0.757597945
662.8708496,0.752094687
663.1015625,0.755272348
663.3322144,0.756563157
663.5629272,0.738579701
663.7935791,0.71378944
664.024292,0.709913236
664.2550049,0.705235157
664.4857788,0.69798235
664.7164917,0.680190877
664.9472656,0.679899035
665.1779785,0.685672064
665.4087524,0.690219346
665.6395264,0.686277819
665.8703003,0.674806106
666.1010742,0.68316179
666.3319092,0.676768641
666.5626831,0.688412674
666.7935181,0.66799516
667.024353,0.666678031
667.255188,0.660185764
667.4860229,0.662412452
667.7169189,0.646024353
667.9477539,0.642303489
668.1786499,0.638273631
668.4095459,0.655599458
668.6404419,0.643549594
668.8713379,0.636459019
669.1022339,0.645747969
669.3331299,0.641527222
669.5640869,0.644047068
669.7950439,0.639864864
670.0259399,0.642805741
670.256958,0.63989463
670.487915,0.63543862
670.7188721,0.637179261
670.9498291,0.633329841
671.1808472,0.626922878
671.4118652,0.62608119
671.6428833,0.625675472
671.8739014,0.626466954
672.1049194,0.632586758
672.3359985,0.622237809
672.5670166,0.623980323
672.7980957,0.633265959
673.0291748,0.651123311
673.2602539,0.631124255
673.491333,0.628194979
673.7224121,0.625662228
673.9534912,0.628031421
674.1846313,0.620425189
674.4157715,0.621876578
674.6469116,0.632450882
674.8780518,0.634199728
675.1091919,0.652770384
675.340332,0.661856597
675.5715332,0.654917067
675.8026733,0.66980009
676.0338745,0.673843652
676.2650757,0.670403938
676.4962769,0.682470342
676.727478,0.682263929
676.9587402,0.678838161
677.1899414,0.693494954
677.4212036,0.687151324
677.6524658,0.690594171
677.883728,0.693238455
678.1149902,0.684519662
678.3462524,0.691931925
678.5775757,0.699556026
678.8088379,0.695196368
679.0401611,0.701400369
679.2714844,0.703766068
679.5028076,0.715786385
679.7341309,0.717290773
679.9654541,0.72033347
680.1968384,0.743059112
680.4281616,0.737666454
680.6595459,0.743366716
680.8909302,0.74225878
681.1223145,0.758415203
681.3536987,0.772572393
681.585144,0.774456291
681.8165283,0.770448644
682.0479736,0.789439114
682.2794189,0.790222255
682.5108643,0.793175239
682.7423096,0.801378732
682.9737549,0.798234713
683.2052612,0.790966837
683.4367065,0.787352037
683.6682129,0.793306917
683.8997192,0.780962368
684.1312256,0.780835664
684.3627319,0.786760486
684.5942383,0.786359497
684.8257446,0.784479
685.057312,0.784905613
685.2888794,0.787947305
685.5204468,0.777019697
685.7520142,0.784735181
685.9835815,0.775353903
686.2151489,0.771330408
686.4467773,0.769426113
686.6783447,0.762366549
686.9099731,0.754066118
687.1416016,0.777100539
687.37323,0.765524004
687.6048584,0.772913394
687.8365479,0.765871591
688.0681763,0.790467529
688.2998657,0.789627051
688.5314941,0.800779291
688.7631836,0.824005313
688.994873,0.801182024
689.2266235,0.80295858
689.458313,0.802558205
689.6900635,0.793263053
689.9217529,0.773655659
690.1535034,0.780112452
690.3852539,0.770772625
690.6170044,0.75476457
690.8487549,0.751359945
691.0805664,0.742874744
691.3123169,0.733321547
691.5441284,0.732134401
691.7759399,0.725226885
692.0077515,0.721612942
692.239563,0.720871277
692.4713745,0.711646398
692.703186,0.715329268
692.9350586,0.720454069
693.1669312,0.717197633
693.3988037,0.730794027
693.6306763,0.739659938
693.8625488,0.756503565
694.0944214,0.753953705
694.3262939,0.761611367
694.5582275,0.770255879
694.7901611,0.776087417
695.0220337,0.784261562
695.2539673,0.769045017
695.4859619,0.782319366
695.7178955,0.781297526
695.9498291,0.774906301
696.1818237,0.770288264
696.4138184,0.764624976
696.645752,0.76122632
696.8777466,0.756914841
697.1098022,0.755409732
697.3417969,0.749015163
697.5737915,0.744218139
697.8058472,0.745566723
698.0379028,0.739353687
698.2698975,0.742180276
698.5019531,0.734060932
698.7340698,0.73768151
698.9661255,0.737216139
699.1981812,0.719227688
699.4302979,0.717541235
699.6624146,0.724587635
699.8945313,0.719119779
700.1266479,0.720346508
700.3587646,0.721264172
700.5908813,0.716657612
700.822998,0.726826565
701.0551758,0.719837707
701.2873535,0.717940948
701.5195313,0.716728704
701.751709,0.704948117
701.9838867,0.698462615
702.2160645,0.692733926
702.4483032,0.689380057
702.680481,0.68330178
702.9127197,0.674529701
703.1449585,0.670127357
703.3771973,0.665318538
703.609436,0.650844953
703.8416748,0.653637553
704.0739746,0.65850717
704.3062134,0.657515922
704.5385132,0.661261152
704.770813,0.665791414
705.0031128,0.672571907
705.2354126,0.678031835
705.4677124,0.697300804
705.7000122,0.703877598
705.932373,0.693346859
706.1647339,0.683404563
706.3970947,0.685353587
706.6294556,0.682971315
706.8618164,0.667722466
707.0941772,0.653391033
707.3265381,0.64496748
707.55896,0.644572442
707.7913818,0.622828325
708.0237427,0.616714755
708.2561646,0.605134521
708.4885864,0.611021024
708.7210693,0.599471621
708.9534912,0.602431518
709.1859741,0.591793103
709.418396,0.587541784
709.6508789,0.583868995
709.8833618,0.579642333
710.1158447,0.569238559
710.3483276,0.554822643
710.5808716,0.58202069
710.8133545,0.551737841
711.0458984,0.545388154
711.2784424,0.520134823
711.5109863,0.520702406
711.7435303,0.509902064
711.9760742,0.495450169
712.2086182,0.49356222
712.4412231,0.484007311
712.6737671,0.477587783
712.9063721,0.472948245
713.1389771,0.463821884
713.371582,0.454390795
713.604187,0.457056352
713.836853,0.452776408
714.069458,0.44123365
714.302124,0.451171461
714.534729,0.443772632
714.767395,0.434681515
715.000061,0.444066227
715.2327271,0.419883295
715.4654541,0.429953417
715.6981201,0.420034949
715.9308472,0.422720489
716.1635132,0.425697641
716.3962402,0.431335497
716.6289673,0.419269891
716.8616943,0.423735438
717.0944824,0.420631952
717.3272095,0.418470245
717.5599365,0.416603358
717.7927246,0.418724263
718.0255127,0.426687949
718.2583008,0.418110059
718.4910889,0.416771677
718.723877,0.423686561
718.9567261,0.426673211
719.1895142,0.419858772
719.4223633,0.412225391
719.6551514,0.421480204
719.8880005,0.414834157
720.1208496,0.41095962
720.3537598,0.407829893
720.5866089,0.413663893
720.819458,0.415091691
721.0523682,0.40506689
721.2852783,0.413060964
721.5181885,0.411919959
721.7510986,0.410303228
721.9840088,0.416183139
722.2169189,0.412948667
722.4498291,0.408794064
722.6828003,0.401934862
722.9157715,0.407607189
723.1486816,0.406442806
723.3816528,0.410000126
723.614624,0.398237126
723.8476563,0.409492985
724.0806274,0.398117123
724.3135986,0.400629077
724.5466309,0.397648123
724.7796631,0.391330375
725.0126953,0.399034535
725.2457275,0.39400743
725.4787598,0.386060104
725.711792,0.393179089
725.9448853,0.393157639
726.1779175,0.383386169
726.4110107,0.385007641
726.644104,0.387796509
726.8771973,0.385007351
727.1102905,0.381806098
727.3433838,0.388461141
727.5765381,0.377575711
727.8096313,0.37997613
728.0427856,0.381879816
728.2759399,0.38485247
728.5090942,0.378089007
728.7422485,0.372974055
728.9754028,0.379047699
729.2085571,0.373032831
729.4417725,0.37068079
729.6749268,0.37533343
729.9081421,0.373037287
730.1413574,0.364727731
730.3745728,0.360200874
730.6077881,0.353340384
730.8410034,0.353080482
731.0742798,0.348279423
731.3074951,0.343387757
731.5407715,0.338807028
731.7740479,0.33824584
732.0073242,0.336754561
732.2406006,0.329272102
732.473877,0.327886294
732.7071533,0.322605457
732.9404907,0.323788652
733.1737671,0.320931062
733.4071045,0.311531704
733.6404419,0.316111576
733.8737793,0.301663971
734.1071167,0.298578841
734.3404541,0.288749894
734.5738525,0.279073545
734.8071899,0.266682761
735.0405884,0.267056946
735.2739868,0.26144169
735.5073853,0.259423058
735.7407837,0.245501672
735.9741821,0.23676905
736.2075806,0.234496194
736.44104,0.233415148
736.6744385,0.2188224
736.9078979,0.2219595
737.1413574,0.219181243
737.3748169,0.209575468
737.6082764,0.209549706
737.8417358,0.200938734
738.0752563,0.194551397
738.3087158,0.18350606
738.5422363,0.17889956
738.7757568,0.172879655
739.0092773,0.181148213
739.2427979,0.155188003
739.4763184,0.149328907
739.7098389,0.148168575
739.9434204,0.136580304
740.1769409,0.134113148
740.4105225,0.126275568
740.644104,0.123774068
740.8776855,0.117014796
741.1112671,0.11158622
741.3448486,0.109149367
741.5784302,0.100841504
741.8120728,0.10115576
742.0456543,0.090181536
742.2792969,0.08875752
742.5129395,0.078730226
742.746582,0.082699745
742.9802246,0.071655421
743.2138672,0.071411058
743.4475708,0.062701491
743.6812134,0.060796405
743.914917,0.057574665
744.1486206,0.058196611
744.3823242,0.050075511
744.6160278,0.053956049
744.8497314,0.048676637
745.0834351,0.046034089
745.3171997,0.042183782
745.5509033,0.044514704
745.784668,0.039926657
746.0184326,0.044397182
746.2521973,0.040764683
746.4859619,0.040744159
746.7197266,0.039943258
746.9534912,0.065615066
747.1873169,0.034871827
747.4211426,0.031923097
747.6549072,0.035899307
747.8887329,0.034408486
748.1225586,0.027103721
748.3563843,0.031566456
748.59021,0.034434731
748.8240967,0.034085747
749.0579224,0.027592913
749.2918091,0.028363933
749.5256958,0.027204031
749.7595825,0.031054252
749.9934692,0.029920005
750.227356,0.02713233
750.4612427,0.031599928
750.6951294,0.030870173
750.9290771,0.032026749
751.1630249,0.029321462
751.3969116,0.032772188
751.6308594,0.027738495
751.8648071,0.0335694
752.0988159,0.030587796
752.3327637,0.0289961
752.5667114,0.030636624
752.8007202,0.028968097
753.034729,0.034441677
753.2686768,0.034325758
753.5026855,0.035572524
753.7366943,0.031112742
753.9707642,0.032361575
754.2047729,0.032833942
754.4387817,0.031014552
754.6728516,0.03583658
754.9069214,0.037619818
755.1409302,0.033158744
755.375,0.037032357
755.6090698,0.029611395
755.8432007,0.027741864
756.0772705,0.033693115
756.3113403,0.028916035
756.5454712,0.032358896
756.7796021,0.029449477
757.0137329,0.034642493
757.2478638,0.041472297
757.4819946,0.032709819
757.7161255,0.061072285
757.9502563,0.032719835
758.1844482,0.040764438
758.4185791,0.038176501
758.652771,0.030815763
758.8869629,0.03116575
759.1211548,0.035322094
759.3553467,0.037594265
759.5895386,0.029947866
759.8237305,0.028482983
760.0579834,0.034419858
760.2922363,0.032089082
760.5264282,0.026838236
760.7606812,0.034667201
760.9949341,0.028983227
761.229187,0.030457004
761.4634399,0.031721089
761.6977539,0.032903689
761.9320068,0.036601781
762.1663208,0.030946342
762.4006348,0.031882282
762.6348877,0.026772935
762.8692017,0.034975178
763.1035156,0.030515991
763.3378906,0.029514871
763.5722046,0.030866217
763.8065796,0.029535508
764.0408936,0.027796462
764.2752686,0.032433042
764.5096436,0.031147038
764.7440186,0.029208628
764.9783936,0.028241776
765.2127686,0.029134996
765.4471436,0.031326624
765.6815796,0.026589393
765.9159546,0.025926129
766.1503906,0.03027742
766.3848267,0.0305428
766.6192627,0.03130138
766.8536987,0.03022659
767.0881348,0.028313499
767.3225708,0.032897486
767.5570679,0.029483348
767.7915039,0.027395704
768.026001,0.030121535
768.260498,0.031696035
768.4949951,0.035827112
768.7294922,0.041535143
768.9639893,0.026242568
769.1985474,0.030089597
769.4330444,0.024637826
769.6675415,0.026224449
769.9020996,0.026127867
770.1366577,0.028546401
770.3712158,0.023589963
770.6057739,0.024705088
770.840332,0.026824523
771.0748901,0.027367365
771.3095093,0.025787626
771.5440674,0.022348584
771.7786865,0.023337365
772.0133057,0.0211491
772.2479248,0.017706356
772.4825439,0.023446641
772.7171631,0.019016928
772.9517822,0.026025109
773.1864624,0.022334481
773.4210815,0.021120455
773.6557617,0.022803563
773.8903809,0.024538342
774.125061,0.011411312
774.3597412,0.019116787
774.5944214,0.016879722
774.8291626,0.017330067
775.0638428,0.012281934
775.2985229,0.017733679
775.5332642,0.017378676
775.7680054,0.020425092
776.0027466,0.014900576
776.2374878,0.017027131
776.472229,0.014153966
776.7069702,0.012493991
776.9417114,0.008447748
777.1765137,0.010226475
777.4112549,0.010773696
777.6460571,0.013450248
777.8808594,0.007416301
778.1156616,0.012208445
778.3504639,0.006305522
778.5852661,0.008489334
778.8200684,0.01195185
779.0549316,0.009112679
779.2897339,0.006086907
779.5245972,0.009776507
779.7593994,0.009732616
779.9942627,0.009028123
780.229126,0.009584865
780.4639893,0.010848141
780.6989136,0.001360013
780.9337769,0.003591811
781.1687012,0.0038371
781.4035645,0.005721308
781.6384888,-0.002582528
781.8734131,0.001104449
782.1083374,0.000280793
782.3432617,0.01053104
782.578186,0.00480598
782.8131104,0.000844566
783.0480957,0.005192728
783.28302,0.004729557
783.5180054,0.00355222
783.7529907,0.000401456
783.9879761,0.009108822
784.2229614,0.009774875
784.4579468,0.001001222
784.6929321,0.010663687
784.9279175,0.007697658
785.1629639,0.009900791
785.3980103,0.005173152
785.6329956,0.008968375
785.868042,0.007903043
786.1030884,0.004456033
786.3381348,0.004512662
786.5731812,0.003541083
786.8082886,0.003643007
787.043335,0.009780866
787.2784424,0.001125995
787.5134888,0.006645242
787.7485962,0.009957769
787.9837036,0.007845137
788.218811,0.004418596
788.4539185,0.00333757
788.6890869,0.004145542
788.9241943,0.008548802
789.1593018,0.001711368
789.3944702,0.000651798
789.6296387,0.002482533
789.8648071,0.005985432
790.0999756,4.54957E-05
790.335144,-0.000381711
790.5703125,0.004417833
790.805481,0.004636064
791.0407104,0.00114949
791.2758789,0.00403793
791.5111084,0.005740039
791.7463379,0.004617474
791.9815674,0.002717041
792.2167969,0.004022165
792.4520264,0.001697726
792.6872559,0.005478767
792.9224854,0.007575823
793.1577759,-0.000775121
793.3930054,0.009937309
793.6282959,0.006441097
793.8635864,0.003057463
794.098877,0.001002631
794.3341675,0.005592529
794.569458,0.010559061
794.8047485,0.00647505
795.0401001,0.012745421
795.2753906,0.008585594
795.5107422,0.016244607
795.7460938,0.010147701
795.9813843,0.016010243
796.2167358,0.017155719
796.4521484,0.021210712
796.6875,0.02071742
796.9228516,0.026898734
797.1582642,0.022307695
797.3936157,0.024062402
797.6290283,0.016113683
797.8644409,0.020757383
798.0997925,0.029998047
798.3352051,0.027338318
798.5706787,0.023087996
798.8060913,0.031878086
799.0415039,0.02696875
799.2769775,0.0281198
799.5123901,0.030838196
799.7478638,0.033237873
799.9833374,0.038581997
800.218811,0.038516446
800.4542847,0.036815291
800.6897583,0.036824788
800.9252319,0.041869817
801.1607056,0.043995749
801.3962402,0.042340435
801.6317139,0.039047473
801.8672485,0.044052996
802.1027832,0.043128653
802.3383179,0.040391024
802.5738525,0.04249774
802.8093872,0.043296483
803.0449219,0.050253252
803.2805176,0.049025321
803.5160522,0.048459041
803.7516479,0.048251266
803.9872437,0.048710767
804.2228394,0.045372629
804.4584351,0.05509465
804.6940308,0.053906966
804.9296265,0.049018581
805.1652222,0.048349408
805.4008179,0.046406446
805.6364746,0.084158535
805.8721313,0.051737868
806.1077271,0.050334527
806.3433838,0.046218079
806.5790405,0.051067054
806.8146973,0.041345174
807.050354,0.040223942
807.2860718,0.035854182
807.5217285,0.044303421
807.7574463,0.043253244
807.993103,0.037358933
808.2288208,0.036652667
808.4645386,0.03399245
808.7002563,0.028971896
808.9359741,0.034040465
809.1716919,0.031178917
809.4074097,0.029270534
809.6431885,0.031207781
809.8789063,0.025376165
810.1146851,0.027158439
810.3504639,0.024240989
810.5862427,0.021112647
810.8220215,0.022672887
811.0578003,0.022694201
811.2935791,0.01698568
811.5293579,0.020752452
811.7651978,0.012180755
812.0009766,0.01599771
812.2368164,0.019264404
812.4726563,0.018071462
812.7084351,0.017045343
812.9442749,0.010951261
813.1801147,0.019232672
813.4160156,0.009940633
813.6518555,0.007417772
813.8876953,0.007967321
814.1235962,0.004832271
814.359436,0.003522398
814.5953369,0.003199909
814.8312378,0.004413185
815.0671387,0.012598819
815.3030396,0.000924113
815.5389404,0.003555964
815.7748413,0.007166467
816.0108032,0.005530121
816.2467041,0.004490185
816.482666,0.010742967
816.7186279,0.006774183
816.9545898,0.005754758
817.1904907,0.006057068
817.4264526,0.00506646
817.6624756,0.006091856
817.8984375,0.010835844
818.1343994,0.007674334
818.3704224,0.006294396
818.6063843,0.011615218
818.8424072,0.004708429
819.0784302,0.004585334
819.3144531,0.00556879
819.5504761,0.006570282
819.786499,0.01326579
820.022522,0.006239259
820.2585449,0.004840586
820.4946289,0.003374255
820.7306519,0.00488048
820.9667358,0.004632253
821.2028198,0.006888381
821.4389038,0.005419203
821.6749878,0.007286459
821.9110718,-0.00147195
822.1471558,0.010502007
822.3832397,0.010162775
822.6193848,0.008009259
822.8554688,0.007903793
823.0916138,0.007570611
823.3277588,0.003901772
823.5639038,0.009322905
823.8000488,0.003386414
824.0361938,0.004486593
824.2723389,0.003051706
824.5084839,0.011203354
824.7446289,0.007928558
824.980835,0.004987561
825.217041,0.010216066
825.453186,0.013273325
825.6893921,0.009382603
825.9255981,0.00675446
826.1618042,0.008518903
826.3980103,0.018540923
826.6342163,0.014379001
826.8704834,0.005404192
827.1066895,0.012642359
827.3429565,0.016711316
827.5791626,0.011653589
827.8154297,0.008652288
828.0516968,0.008142129
828.2879639,0.019494525
828.524231,0.016304187
828.760498,0.01519624
828.9968262,0.014691316
829.2330933,0.019485835
829.4693604,0.017103468
829.7056885,0.022391421
829.9420166,0.024609961
830.1783447,0.017347729
830.4146118,0.022968981
830.651001,0.020440536
830.8873291,0.026384695
831.1236572,0.021454152
831.3599854,0.026663886
831.5963745,0.021279795
831.8327026,0.019859012
832.0690918,0.02438306
832.305481,0.023871104
832.5418701,0.019722249
832.7781982,0.027435248
833.0146484,0.025936707
833.2510376,0.027477033
833.4874268,0.017637752
833.7238159,0.021969097
833.9602661,0.018966818
834.1967163,0.01981001
834.4331055,0.021734896
834.6695557,0.009206881
834.9060059,0.017085044
835.1424561,0.013119208
835.3789063,0.01771596
835.6153564,0.008365267
835.8518677,0.013462516
836.0883179,0.013206852
836.3248291,0.019358097
836.5612793,0.017675684
836.7977905,0.007374448
837.0343018,0.012874377
837.270813,0.01339274
837.5073242,0.01654937
837.7438354,0.014658284
837.9803467,0.01591889
838.2169189,0.01348672
838.4534302,0.014920334
838.6900024,0.0143496
838.9265137,0.010327747
839.1630859,0.015796077
839.3996582,0.006951334
839.6362305,0.049489284
839.8728027,0.00260927
840.109375,0.013599547
840.3459473,0.003734902
840.5825806,0.011358613
840.8191528,0.001635048
841.0557861,0.004424397
841.2923584,0.018382111
841.5289917,0.013208677
841.765625,0.012697535
842.0022583,0.010017657
842.2388916,0.009193585
842.4755249,0.019842327
842.7122192,0.011471392
842.9488525,0.012222896
843.1855469,0.013246163
843.4221802,0.011860981
843.6588745,0.009051596
843.8955688,0.015349189
844.1322632,0.020405246
844.3689575,0.010515139
844.6056519,0.009559406
844.8423462,0.013267645
845.0790405,0.015096124
845.3157959,0.017478219
845.5524902,0.007801969
845.7892456,0.056628744
846.0259399,0.019647748
846.2626953,0.017224104
846.4994507,0.01152683
846.7362061,0.017519118
846.9729614,0.010552808
847.2097778,0.024311692
847.4465332,0.009071921
847.6832886,0.005575628
847.920105,0.00893717
848.1568604,0.03125888
848.3936768,0.007483069
848.6304932,0.011775712
848.8673096,0.009085632
849.104126,0.014158941
849.3409424,0.010040874
849.5777588,0.01491727
849.8145752,0.015040018
850.0514526,0.01770678
850.288269,0.009583699
850.5251465,0.018037807
850.7620239,0.013113267
850.9989014,0.014614885
851.2357178,0.010081097
851.4725952,0.016878117
851.7095337,0.022676893
851.9464111,0.019078357
852.1832886,0.019406033
852.420166,0.016477912
852.6571045,0.011448268
852.894043,0.015441399
853.1309204,0.023857294
853.3678589,0.017737167
853.6047974,0.015434805
853.8417358,0.012416162
854.0786743,0.019274589
854.3156128,0.025245931
854.5526123,0.024616867
854.7895508,0.022012632
855.0264893,0.019474031
855.2634888,0.025270188
855.5004883,0.023990322
855.7374268,0.0256831
855.9744263,0.02288249
856.2114258,0.024017575
856.4484253,0.026423863
856.6854858,0.015960934
856.9224854,0.013316082
857.1594849,0.025618714
857.3965454,0.022137687
857.6335449,0.009616643
857.8706055,0.020526857
858.107666,0.024002776
858.3446655,0.016807824
858.5817261,0.021457339
858.8187866,0.018388351
859.0559082,0.031227446
859.2929688,0.020349494
859.5300293,0.017443313
859.7671509,0.023929228
860.0042114,0.029101976
860.241333,0.022862551
860.4783936,0.024934815
860.7155151,0.016882266
860.9526367,0.024287475
861.1897583,0.02269982
861.4268799,0.030669236
861.6640625,0.02081935
861.9011841,0.02380716
862.1383057,0.026752096
862.3754883,0.025926648
862.6126099,0.020348658
862.8497925,0.039639189
863.0869751,0.02749992
863.3241577,0.029788872
863.5613403,0.027022462
863.7985229,0.034308887
864.0357056,0.039047028
864.2728882,0.040207879
864.5100708,0.034049562
864.7473145,0.037430881
864.9844971,0.027463305
865.2217407,0.034466389
865.4589844,0.039769901
865.696228,0.035594121
865.9334717,0.036479759
866.1707153,0.039891891
866.407959,0.038623974
866.6452026,0.035521089
866.8824463,0.030514795
867.119751,0.039855392
867.3569946,0.03400759
867.5942993,0.037890981
867.831543,0.036083434
868.0688477,0.036982328
868.3061523,0.034000483
868.543457,0.04038243
868.7807617,0.038093184
869.0180664,0.043067208
869.2553711,0.036452771
869.4927368,0.02769949
869.7300415,0.034477372
869.9674072,0.025284867
870.2047119,0.035922036
870.4420776,0.024647682
870.6794434,0.0285278
870.9168091,0.030862376
871.1541748,0.016698931
871.3915405,0.033143508
871.6289063,0.020696533
871.866272,0.019663341
872.1036987,0.015568044
872.3410645,0.018986191
872.5784912,0.014791376
872.8158569,0.011331659
873.0532837,0.012622065
873.2907104,0.017848995
873.5281372,0.026028754
873.765564,0.007324977
874.0029907,0.007708163
874.2404175,0.010936561
874.4778442,0.009133479
874.715332,0.003013377
874.9527588,0.006807955
875.1902466,0.015423345
875.4276733,0.01399006
875.6651611,0.011289639
875.9026489,0.02022605
876.1401367,0.008780553
876.3776245,0.019338383
876.6151123,0.022324182
876.8526001,0.028011719
877.0901489,0.027382593
877.3276367,0.038689172
877.5651245,0.041491217
877.8026733,0.041118564
878.0402222,0.045684324
878.277771,0.053991315
878.5152588,0.061989036
878.7528076,0.069665142
878.9903564,0.05859045
879.2279053,0.063983835
879.4655151,0.073002819
879.703064,0.068591693
879.9406128,0.087994408
880.1782227,0.082497182
880.4157715,0.09092952
880.6533813,0.089460715
880.8909912,0.096009305
881.1286011,0.112413687
881.3662109,0.101204626
881.6038208,0.105065314
881.8414307,0.119180048
882.0790405,0.113243039
882.3166504,0.153082693
882.5543213,0.130904444
882.7919312,0.130200666
883.0296021,0.138267787
883.2672729,0.138993383
883.5048828,0.147499348
883.7425537,0.157501585
883.9802246,0.166770111
884.2178955,0.170398762
884.4555664,0.178283542
884.6932373,0.183123243
884.9309692,0.196489772
885.1686401,0.191360759
885.4063721,0.220062868
885.644043,0.220803097
885.8817749,0.234358454
886.1195068,0.235489586
886.3571777,0.241241028
886.5949097,0.25841435
886.8326416,0.268037688
887.0703735,0.264929595
887.3081665,0.285115982
887.5458984,0.300939784
887.7836304,0.309473983
888.0214233,0.317936699
888.2591553,0.327817098
888.4969482,0.330467736
888.7347412,0.354767839
888.9724731,0.35018197
889.2102661,0.374820984
889.4480591,0.384651992
889.6858521,0.389291389
889.923645,0.404825367
890.161499,0.405139256
890.399292,0.423839145
890.637085,0.416241308
890.874939,0.416169182
891.112793,0.42798724
891.3505859,0.437813971
891.5884399,0.435845646
891.8262939,0.426478681
892.0641479,0.442641614
892.302002,0.429821768
892.539856,0.436765487
892.77771,0.435786567
893.015564,0.433212982
893.253479,0.430074145
893.491333,0.428533311
893.729248,0.431364449
893.9671631,0.43331348
894.2050171,0.430075154
894.4429321,0.406456179
894.6808472,0.413136703
894.9187622,0.399991485
895.1566772,0.410593037
895.3945923,0.403940666
895.6325073,0.412039963
895.8704834,0.393146776
896.1083984,0.409377107
896.3463745,0.404270686
896.5842896,0.4002744
896.8222656,0.397966283
897.0602417,0.406937768
897.2982178,0.410919555
897.5361938,0.401096778
897.7741699,0.397670094
898.012146,0.422212995
898.2501221,0.408996074
898.4880981,0.407220506
898.7261353,0.399410787
898.9641113,0.41270149
899.2021484,0.407182361
899.4401245,0.409870109
899.6781616,0.402500693
899.9161987,0.383178582
900.1542358,0.389874386
900.3922729,0.396997354
900.6303101,0.400390599
900.8683472,0.412205758
901.1063843,0.404300515
901.3444214,0.402939112
901.5825195,0.395113808
901.8205566,0.395145258
902.0586548,0.406893681
902.2966919,0.386938036
902.53479,0.368721882
902.7728882,0.378162579
903.0109863,0.36410177
903.2490845,0.352614254
903.4871826,0.349056858
903.7252808,0.333100543
903.9633789,0.326062148
904.2014771,0.304360116
904.4396362,0.305038449
904.6777344,0.284779955
904.9158936,0.26810836
905.1540527,0.254251788
905.3921509,0.247599154
905.6303101,0.245908478
905.8684692,0.233235488
906.1066284,0.231105284
906.3447876,0.24195871
906.5829468,0.219175084
906.821106,0.219092633
907.0593262,0.21752456
907.2974854,0.225132262
907.5357056,0.225156459
907.7738647,0.221281335
908.012085,0.213551153
908.2503052,0.205510805
908.4884644,0.205489908
908.7266846,0.214410499
908.9649048,0.198546969
909.203125,0.209509951
909.4414063,0.222247189
909.6796265,0.209659865
909.9178467,0.216123361
910.1560669,0.217303951
910.3943481,0.21927017
910.6326294,0.235020026
910.8708496,0.249438839
911.1091309,0.254887049
911.3474121,0.260276661
911.5856934,0.356007724
911.8239746,0.287523976
912.0622559,0.302458794
912.3005371,0.303514133
912.5388184,0.325257514
912.7770996,0.330974317
913.0154419,0.346154887
913.2537231,0.359496697
913.4920654,0.365185474
913.7303467,0.388961486
913.968689,0.401583731
914.2070313,0.41501977
914.4453735,0.429044866
914.6837158,0.454786251
914.9220581,0.454904761
915.1604004,0.480125781
915.3987427,0.495612503
915.637085,0.496416059
915.8754272,0.512831545
916.1138306,0.545366728
916.3521729,0.569430822
916.5905762,0.568304992
916.8289795,0.573010755
917.0673218,0.608382343
917.3057251,0.599736592
917.5441284,0.628530452
917.7825317,0.628860449
918.0209351,0.664646465
918.2593384,0.654058219
918.4978027,0.661201867
918.7362061,0.692379304
918.9746094,0.67301127
919.2130737,0.698880386
919.4514771,0.706181325
919.6899414,0.676660263
919.9284058,0.708952761
920.1668091,0.720146349
920.4052734,0.711108035
920.6437378,0.712721385
920.8822021,0.726803115
921.1206665,0.733315612
921.3591919,0.743938641
921.5976563,0.765392458
921.8361206,0.739203363
922.074646,0.740124383
922.3131104,0.750521523
922.5516357,0.755180394
922.7901001,0.776683697
923.0286255,0.766100188
923.2671509,0.774835725
923.5056763,0.775110511
923.7442017,0.766065977
923.9827271,0.779029455
924.2212524,0.770511036
924.4597778,0.764902215
924.6983032,0.791218267
924.9368896,0.795253556
925.175415,0.750007359
925.4140015,0.776400891
925.6525269,0.758664815
925.8911133,0.774983377
926.1296997,0.790583263
926.3682861,0.786064758
926.6068726,0.765300038
926.845459,0.762222727
927.0840454,0.780899213
927.3226318,0.825650441
927.5612183,0.822025212
927.7998047,0.867266824
928.0384521,0.853066682
928.2770386,0.869129621
928.515686,0.88571393
928.7542725,0.901138916
928.9929199,0.888970826
929.2315674,0.910792985
929.4701538,0.933423105
929.7088013,0.928119915
929.9474487,0.939057777
930.1860962,0.946549014
930.4248047,0.954336757
930.6634521,0.959587515
930.9020996,0.968029446
931.1407471,0.936932958
931.3794556,0.968711427
931.618103,0.966878364
931.8568115,0.984821825
932.09552,0.965768774
932.3341675,0.980351582
932.572876,0.982312225
932.8115845,0.98803721
933.050293,0.978941364
933.2890015,0.970130258
933.52771,0.936196434
933.7664795,0.951131271
934.005188,0.905849633
934.2438965,0.937521925
934.482666,0.94621163
934.7213745,0.916969326
934.960144,0.934843626
935.1988525,0.923657148
935.4376221,0.899744493
935.6763916,0.895293863
935.9151611,0.905034515
936.1539307,0.898019639
936.3927002,0.936124119
936.6314697,0.89192579
936.8702393,0.894328884
937.1090088,0.900116447
937.3478394,0.868014306
937.5866089,0.851703406
937.8253784,0.853383328
938.064209,0.841103814
938.3030396,0.819097468
938.5418091,0.81291031
938.7806396,0.782544321
939.0194702,0.754475272
939.2583008,0.744313672
939.4971313,0.71919371
939.7359619,0.721542531
939.9747925,0.716659267
940.213623,0.676869344
940.4525146,0.683925837
940.6913452,0.652764993
940.9301758,0.62543212
941.1690674,0.613634122
941.407959,0.620342244
941.6467896,0.600909683
941.8856812,0.625282915
942.1245728,0.574809341
942.3634644,0.605840624
942.602356,0.594562673
942.8412476,0.601377347
943.0801392,0.596359473
943.3190308,0.594524329
943.5579224,0.596755465
943.796814,0.612075043
944.0357666,0.58952816
944.2746582,0.61645825
944.5136108,0.644694093
944.7525024,0.692800246
944.9914551,0.650857174
945.2304077,0.696978277
945.4693604,0.705113771
945.708313,0.746349354
945.9472656,0.74801453
946.1862183,0.726165059
946.4251709,0.81350967
946.6641235,0.809393733
946.9030762,0.806988888
947.1420288,0.821678077
947.3810425,0.841636478
947.6199951,0.849133091
947.8590088,0.869445906
948.0979614,0.849007557
948.3369751,0.881086752
948.5759888,0.976625107
948.8150024,0.898547726
949.0540161,0.903793889
949.2930298,0.898841547
949.5320435,0.878778869
949.7710571,0.893187922
950.0100708,0.887387932
950.2490845,0.865046326
950.4881592,0.873696171
950.7271729,0.886646132
950.9661865,0.905427182
951.2052612,0.901067871
951.4443359,0.865965106
951.6833496,0.901645639
951.9224243,0.903021169
952.161499,0.982231324
952.4005737,0.958817407
952.6396484,0.954161258
952.8787231,0.936807035
953.1177979,0.95487161
953.3568726,0.958064465
953.5959473,0.990925392
953.835022,1.005347435
954.0741577,1.00513439
954.3132324,1.029195202
954.5523682,0.981699852
954.7914429,1.005307492
955.0305786,1.011844641
955.2697144,1.006510154
955.5088501,1.004613794
955.7479248,1.015570531
955.9870605,0.950356385
956.2261963,0.976984159
956.465332,0.937900181
956.7045288,0.950456516
956.9436646,0.924674795
957.1828003,0.9278464
957.421936,0.899313264
957.6611328,0.898415746
957.9002686,0.89798574
958.1394653,0.848223897
958.3786621,0.857161923
958.6177979,0.850189071
958.8569946,0.830639381
959.0961914,0.850122095
959.3353882,0.824932551
959.574585,0.826624984
959.8137817,0.81440488
960.0529785,0.806334712
960.2921753,0.798726685
960.5313721,0.799583753
960.7706299,0.802349617
961.0098267,0.768526609
961.2490234,0.748523072
961.4882813,0.738603957
961.727478,0.765715296
961.9667358,0.732565545
962.2059937,0.766712818
962.4452515,0.773009465
962.6844482,0.732835364
962.9237061,0.730563516
963.1629639,0.74831886
963.4022217,0.72026713
963.6414795,0.768466634
963.8807983,0.749005746
964.1200562,0.731713163
964.359314,0.750860637
964.5986328,0.73994282
964.8378906,0.72822356
965.0772095,0.726134401
965.3164673,0.721793416
965.5557861,0.747366664
965.7950439,0.703836842
966.0343628,0.767245122
966.2736816,0.74229423
966.5130005,0.753523064
966.7523193,0.754661548
966.9916382,0.716140056
967.230957,0.734808427
967.4702759,0.759228243
967.7096558,0.694132608
967.9489746,0.735722063
968.1882935,0.722124285
968.4276733,0.692627568
968.6669922,0.721366366
968.9063721,0.697009426
969.1456909,0.684212146
969.3850708,0.687954349
969.6244507,0.701858854
969.8638306,0.682125216
970.1032104,0.68306214
970.3425903,0.706193711
970.5819702,0.694127999
970.8213501,0.693210863
971.06073,0.698115114
971.3001099,0.722462918
971.5394897,0.715283662
971.7789307,0.676942754
972.0183105,0.671033126
972.2577515,0.69166226
972.4971313,0.705827379
972.7365723,0.680607641
972.9760132,0.680021306
973.2153931,0.696536976
973.454834,0.693123766
973.6942749,0.672541489
973.9337158,0.665711722
974.1731567,0.678049049
974.4125977,0.685387031
974.6520386,0.648759479
974.8914795,0.65075321
975.1309204,0.647812092
975.3704224,0.701305719
975.6098633,0.680900137
975.8493652,0.683740676
976.0888062,0.664506234
976.3283081,0.691617046
976.567749,0.686859541
976.807251,0.653230704
977.0467529,0.651948226
977.2862549,0.693670194
977.5257568,0.694332453
977.7651978,0.677725341
978.0047607,0.678068259
978.2442627,0.688397163
978.4837646,0.650180903
978.7232666,0.671404281
978.9627686,0.622311861
979.2023315,0.688726972
979.4418335,0.69909009
979.6813354,0.657343077
979.9208984,0.670526544
980.1604004,0.673300686
980.3999634,0.668178679
980.6395264,0.686775119
980.8790894,0.694992503
981.1185913,0.658834339
981.3581543,0.68777127
981.5977173,0.673252015
981.8372803,0.680542032
982.0768433,0.647668434
982.3164063,0.662952456
982.5560303,0.634437656
982.7955933,0.683307806
983.0351563,0.633978668
983.2747803,0.679449611
983.5143433,0.673646193
983.7539673,0.64691164
983.9935303,0.633022759
984.2331543,0.629068658
984.4727173,0.642557892
984.7123413,0.66723545
984.9519653,0.67354195
985.1915894,0.632869819
985.4312134,0.675883838
985.6708374,0.606319361
985.9104614,0.641610142
986.1500854,0.630106098
986.3897095,0.601858311
986.6293335,0.623337643
986.8690186,0.579177097
987.1086426,0.554165575
987.3482666,0.59527128
987.5879517,0.530045604
987.8276367,0.534060627
988.0672607,0.524591192
988.3069458,0.525336084
988.5465698,0.521047668
988.7862549,0.544275803
989.0259399,0.5170689
989.265625,0.489502255
989.5053101,0.433381147
989.7449951,0.358588655
989.9846802,0.337392312
990.2243652,0.23005103
990.4640503,0.182134405
990.7037964,0.119075043
990.9434814,0.093729696
991.1831665,0.075204793
991.4229126,0.10074413
991.6625977,0.072017323
991.9023438,0.034440333
992.1420288,0.043546779
992.3817749,0.03265298
992.621521,0.035150196
992.8612671,0.007273021
993.1009521,0.028114359
993.3406982,0.03317026
993.5804443,0.028853498
993.8201904,0.033963885
994.0599365,0.004374055
994.2997437,-0.002654864
994.5394897,0.036489613
994.7792358,0.002680205
995.0189819,0.012640391
995.2587891,0.015388609
995.4985352,0.012326124
995.7383423,-0.008178014
995.9780884,0.018493946
996.2178955,0.006383724
996.4576416,0.01914651
996.6974487,-0.009502838
996.9372559,0.014573049
997.177063,0.012092981
997.4168701,0.029803735
997.6566772,0.036588539
997.8964844,0.024619673
998.1362915,0.041508453
998.3760986,0.009837271
998.6159058,-0.004215822
998.8557129,0.058740266
999.0955811,0.042610075
999.3353882,-0.01273738
999.5751953,0.036793846
999.8150635,0.028856618
1000.054871,0.020046872
1000.294739,-0.001370847
1000.534546,0.0051518
1000.774414,0.010825739
1001.014282,-0.010868722
1001.25415,-0.023340234
1001.494019,0.008999773
1001.733826,0.037670246
1001.973694,0.014867417
1002.213562,-9.48097E-05
1002.453491,0.006521718
1002.693359,0.039667303
1002.933228,0.006022103
1003.173096,-0.013322223
1003.412964,-0.011528299
1003.652893,-0.011809633
1003.892761,0.020905869
1004.13269,0.024261391
1004.372559,0.00124615
1004.612488,0.015612279
1004.852356,0.037002531
1005.092285,0.031034166
1005.332214,0.001479696
1005.572144,-0.008839466
1005.812073,0.035987704
1006.051941,0.02718797
1006.29187,0.004198799
1006.531799,0.045750442
1006.77179,0.009804609
1007.011719,0.023512485
1007.251648,0.034221775
1007.491577,0.05212616
1007.731506,0.028188297
1007.971497,0.032215203
1008.211426,-0.004020456
1008.451416,0.030865829
1008.691345,0.015899765
1008.931335,0.004332604
1009.171265,0.007260832
1009.411255,-0.025557088
1009.651245,-0.001833391
1009.891235,0.044300776
1010.131165,0.010433669
1010.371155,0.010814373
1010.611145,0.051766561
1010.851135,0.003631006
1011.091125,0.050689127
1011.331116,0.011982429
1011.571167,0.032223282
1011.811157,0.027896739
1012.051147,0.012441039
1012.291138,0.037147702
1012.531189,0.031385678
1012.771179,-0.03833238
1013.01123,0.049540871
1013.251221,0.01449656
1013.491272,0.027983162
1013.731262,-0.025880833
1013.971313,-0.000803337
1014.211365,-0.002485925
1014.451416,0.05299841
1014.691467,0.024631911
1014.931458,0.016377025
